key,enabled,identity,password,username
user-account-consumer-01,true,"UserIdentity{name: 'Peter', surname: 'Consumer', email: 'peter@acme.com'}",consumer1,consumer1
user-account-consumer-02,true,"UserIdentity{name: 'Mary', surname: '貸んい建濯よ芝弾テソ Λορεμ ιπσθμ', email: 'mary@acme.com'}",consumer2,consumer2
user-account-consumer-03,true,"UserIdentity{name: 'Manolo', surname: '之乎路可良 ᏥᏲᏎᎭ', email: 'manolo@acme.com'}",consumer3,consumer3
user-account-provider-01,true,"UserIdentity{name: 'Laurel', surname: 'Provider', email: 'laurel@acme.com'}",provider1,provider1
user-account-provider-02,true,"UserIdentity{name: 'Martina', surname: 'коза თხა', email: 'martina@acme.com'}",provider2,provider2
user-account-provider-03,true,"UserIdentity{name: 'Antonia', surname: 'אבטיח Æløzå', email: 'antonia@acme.com'}",provider3,provider3

#auditor
user-account-auditor-00,true,"UserIdentity{name: 'Jose', surname: 'Perez', email: 'jose@acme.com'}",auditor0,auditor0
user-account-auditor-01,true,"UserIdentity{name: 'Jordi', surname: 'Ruiz', email: 'jordi@acme.com'}",auditor1,auditor1
user-account-auditor-02,true,"UserIdentity{name: 'Manolo', surname: 'Sanz', email: 'manolo@acme.com'}",auditor2,auditor2
user-account-auditor-03,true,"UserIdentity{name: 'Dario', surname: 'Gomez', email: 'dario@acme.com'}",auditor3,auditor3
user-account-auditor-04,true,"UserIdentity{name: 'Diana', surname: 'Molina', email: 'diana@acme.com'}",auditor4,auditor4
user-account-auditor-05,true,"UserIdentity{name: 'Diego', surname: 'Torres', email: 'diego@acme.com'}",auditor5,auditor5
user-account-auditor-06,true,"UserIdentity{name: 'Derek', surname: 'Vidal', email: 'derek@acme.com'}",auditor6,auditor6
user-account-auditor-07,true,"UserIdentity{name: 'Elena', surname: 'Blanco', email: 'elena@acme.com'}",auditor7,auditor7
user-account-auditor-08,true,"UserIdentity{name: 'Fernando', surname: 'Castro', email: 'fernando@acme.com'}",auditor8,auditor8
user-account-auditor-09,true,"UserIdentity{name: 'Gloria', surname: 'Navarro', email: 'gloria@acme.com'}",auditor9,auditor9
user-account-auditor-10,true,"UserIdentity{name: 'Hugo', surname: 'Ortiz', email: 'hugo@acme.com'}",auditor10,auditor10
user-account-auditor-11,true,"UserIdentity{name: 'Isabel', surname: 'Ramos', email: 'isabel@acme.com'}",auditor11,auditor11
user-account-auditor-12,true,"UserIdentity{name: 'Javier', surname: 'Medina', email: 'javier@acme.com'}",auditor12,auditor12
user-account-auditor-13,true,"UserIdentity{name: 'Karla', surname: 'Vega', email: 'karla@acme.com'}",auditor13,auditor13
user-account-auditor-14,true,"UserIdentity{name: 'Lucas', surname: 'Herrero', email: 'lucas@acme.com'}",auditor14,auditor14
user-account-auditor-15,true,"UserIdentity{name: 'Marta', surname: 'Cano', email: 'marta@acme.com'}",auditor15,auditor15
user-account-auditor-16,true,"UserIdentity{name: 'Nicolas', surname: 'Gil', email: 'nicolas@acme.com'}",auditor16,auditor16
user-account-auditor-17,true,"UserIdentity{name: 'Olga', surname: 'Mendez', email: 'olga@acme.com'}",auditor17,auditor17
user-account-auditor-18,true,"UserIdentity{name: 'Pablo', surname: 'Soto', email: 'pablo@acme.com'}",auditor18,auditor18
user-account-auditor-19,true,"UserIdentity{name: 'Raquel', surname: 'Luna', email: 'raquel@acme.com'}",auditor19,auditor19
user-account-auditor-20,true,"UserIdentity{name: 'Sergio', surname: 'Ferrer', email: 'sergio@acme.com'}",auditor20,auditor20
user-account-auditor-21,true,"UserIdentity{name: 'Teresa', surname: 'Rojas', email: 'teresa@acme.com'}",auditor21,auditor21